,City,Latitude,Longitude,Max Temp,Humidity,Cloudiness,Wind Speed,Country,Date
0,Burgos,42.3394,-3.7079,13.23,82,0,1.03,ES,1627087415
1,Breznik,42.7414,22.8981,16.33,77,1,0.32,BG,1627087238
2,Sa Kaeo,13.75,102.3333,23.64,96,100,2.69,TH,1627087264
3,Citrus,34.115,-117.8917,38.8,44,1,2.24,US,1627087415
4,Milicz,51.5277,17.2714,16.59,58,91,1.34,PL,1627087415
5,Černilov,50.2627,15.9225,19.54,57,92,2.28,CZ,1627087416
6,Glauchau,50.8167,12.5333,18.58,84,0,0.51,DE,1627087416
7,Jerantut,3.936,102.3626,24.96,88,100,0.31,MY,1627087416
8,Nyakahanga,-1.6033,31.1414,17.13,53,64,1.81,TZ,1627087416
9,Łomża,53.1781,22.0593,13.24,88,7,1.27,PL,1627087161
10,Nikki,9.9401,3.2108,21.43,94,100,2.35,BJ,1627087417
11,Arroyohondo,10.2522,-75.0198,28.81,77,99,3.9,CO,1627087417
12,Malbago,11.1622,124.0256,29.65,69,100,6.59,PH,1627087417
13,Sukaraja,-7.4519,108.1944,24.4,89,81,1.64,ID,1627087418
14,Őrbottyán,47.6871,19.2824,17.77,59,10,0.79,HU,1627087418
15,Obercorn,49.5136,5.8961,18.78,70,99,1.79,LU,1627087418
16,Rizal,15.7118,121.1061,25.21,96,100,1.94,PH,1627087419
17,Coronon,6.8792,125.4489,29.96,66,34,1.83,PH,1627087419
18,Anadia,-9.6844,-36.3042,20.85,95,17,0.94,BR,1627087419
19,Kharakvasla,18.4333,73.7667,21.99,97,100,2.58,IN,1627087419
20,Rāmkola,26.9042,83.8411,27.8,84,39,5.27,IN,1627087420
21,Odintsovo,55.678,37.2777,16.01,77,0,4.0,RU,1627087420
22,Leones,-32.6617,-62.2968,18.04,51,98,1.02,AR,1627087420
23,Dotnuva,55.35,23.9,16.12,90,6,2.58,LT,1627087420
24,Kalamnūri,19.6667,77.3333,22.58,91,100,4.44,IN,1627087421
25,Maków Mazowiecki,52.8649,21.1005,18.88,78,61,1.45,PL,1627087421
26,Parker,32.7668,-97.8003,33.25,56,0,6.85,US,1627087421
27,Ukwā,21.9667,80.4667,22.69,99,100,1.94,IN,1627087422
28,Greenfield,42.9614,-88.0126,30.81,48,20,5.66,US,1627087343
29,Motru,44.8033,22.9719,18.74,58,46,1.47,RO,1627087422
30,Delvinë,39.9511,20.0978,23.41,54,0,2.37,AL,1627087422
31,Assinovskaya,43.24,45.18,20.25,95,100,2.23,RU,1627087422
32,Bollène,44.2848,4.753,24.93,50,0,2.57,FR,1627087423
33,Goito,45.2549,10.6721,24.76,78,100,1.79,IT,1627087423
34,Trudarmeyskiy,54.132,86.4098,17.07,94,100,1.9,RU,1627087423
35,Hibaiyo,10.2726,123.321,29.23,72,100,6.74,PH,1627087424
36,Tavarede,40.1708,-8.8457,17.04,95,36,2.6,PT,1627087424
37,Antakya,36.2066,36.1572,26.9,83,15,2.6,TR,1627087276
38,Luchingu,-10.9,39.3333,17.71,74,96,2.11,TZ,1627087424
39,Rusera,25.75,86.0333,27.54,85,100,8.25,IN,1627087424
40,Kwale,5.7063,6.4374,21.8,93,85,0.88,NG,1627087425
41,Wynyard,-41.0,145.7167,11.64,89,100,9.9,AU,1627087169
42,Esik,43.3552,77.4525,18.68,31,0,2.24,KZ,1627087425
43,Kopong,-24.4833,25.8833,2.13,38,0,0.0,BW,1627087425
44,Kato Scholari,40.4333,23.0333,25.7,57,40,1.34,GR,1627087426
45,Zomba,-15.386,35.3188,13.52,83,100,2.65,MW,1627087426
46,Chaykovskiy,56.7686,54.1148,13.23,78,23,2.08,RU,1627087426
47,Stratford,41.1845,-73.1332,24.99,62,51,2.25,US,1627087426
48,Songea,-10.6833,35.65,14.64,82,75,0.0,TZ,1627087427
49,Pangkalanbuun,-2.6833,111.6167,26.44,89,44,1.39,ID,1627087427
50,Santa Helena de Goiás,-17.8136,-50.5969,20.79,45,0,2.7,BR,1627087427
51,Kirovskiy,45.0917,133.5136,32.98,51,100,1.67,RU,1627087428
52,Verkhniachka,48.8285,30.0396,14.35,77,0,3.09,UA,1627087428
53,Barie,44.5725,-0.1104,18.6,94,4,2.35,FR,1627087428
54,Le Robert,14.6775,-60.9392,27.14,56,40,3.6,MQ,1627087428
55,Saint-Pierre-des-Corps,47.3833,0.7333,18.36,86,0,4.63,FR,1627087429
56,Mapulo,13.7317,121.1842,26.87,83,100,6.09,PH,1627087429
57,Dragomireşti,44.9167,25.3333,17.85,66,49,2.06,RO,1627087429
58,Mărăcineni,45.2,26.8,18.99,62,57,1.89,RO,1627087430
59,Warrenton,-28.114,24.8475,-0.59,33,0,3.19,ZA,1627087430
60,Blonay,46.4678,6.8962,21.52,78,44,2.1,CH,1627087430
61,Tampocon,9.85,123.1333,29.03,76,79,7.35,PH,1627087430
62,Barisāl,22.7019,90.3711,26.97,90,100,5.79,BD,1627087431
63,Lejamaní,14.3667,-87.7,29.35,84,53,2.63,HN,1627087431
64,Kannauj,27.0546,79.922,30.3,72,26,3.69,IN,1627087431
65,Orange Cove,36.6244,-119.3137,41.07,22,1,2.57,US,1627087431
66,Kaithal,29.8,76.3833,28.31,75,12,1.83,IN,1627087432
67,Salina,38.8403,-97.6114,34.41,36,1,6.69,US,1627087202
68,Dragoman,42.9189,22.9317,16.62,74,9,0.25,BG,1627087267
69,Kharagauli,42.0214,43.1977,18.2,96,98,0.67,GE,1627087432
70,Comapa,14.1167,-89.9167,26.4,79,43,2.84,GT,1627087432
71,Webuye,0.6075,34.7697,14.67,74,5,1.94,KE,1627087433
72,Aptos,36.9772,-121.8994,32.97,68,1,0.89,US,1627087433
73,Hope Mills,34.9704,-78.9453,28.63,69,1,2.06,US,1627087433
74,Balc,47.2833,22.5333,17.79,67,11,1.57,RO,1627087433
75,Maní,4.8172,-72.2886,23.17,88,21,2.33,CO,1627087434
76,Hoboken,40.744,-74.0324,25.53,58,1,0.89,US,1627087434
77,Utete,-7.986,38.758,19.95,82,2,1.27,TZ,1627087434
78,Staraya Akkermanovka,51.2467,58.2391,16.88,96,99,3.68,RU,1627087435
79,Taltal,-25.4,-70.4833,13.88,80,100,1.98,CL,1627087435
80,Leopoldov,48.4458,17.7646,16.56,70,0,1.58,SK,1627087435
81,Wick,58.4333,-3.0833,11.03,93,90,1.54,GB,1627087435
82,Casambalangan,18.3765,122.1274,29.22,73,100,5.74,PH,1627087436
83,Pagani,40.7515,14.6133,24.48,76,1,0.45,IT,1627087436
84,Ixtlahuacán del Río,20.8667,-103.25,25.92,80,94,1.26,MX,1627087436
85,Turţ,47.9833,23.2167,15.58,87,0,1.74,RO,1627087437
86,San Joaquin,37.9333,-121.3011,39.5,21,1,2.57,US,1627087437
87,Espita,21.0167,-88.3167,27.8,71,82,3.98,MX,1627087437
88,Nevinnomyssk,44.6267,41.9453,17.73,92,16,0.71,RU,1627087437
89,Chimichagua,9.2578,-73.8123,24.76,96,100,2.63,CO,1627087438
90,San Luis,-33.295,-66.3356,12.71,40,80,4.93,AR,1627087438
91,Desbiens,48.4178,-71.9495,22.26,64,17,1.9,CA,1627087438
92,Standerton,-26.9337,29.2415,0.9,65,0,2.37,ZA,1627087438
93,Romanovo,52.6182,81.2271,19.04,84,100,3.13,RU,1627087439
94,Nova Borova,50.693,28.6345,15.48,79,58,2.48,UA,1627087439
95,Oxford,51.7522,-1.256,16.93,83,40,1.34,GB,1627087439
96,Monte Aprazível,-20.7725,-49.7142,23.36,33,0,3.79,BR,1627087439
97,Itapuí,-22.2333,-48.7192,22.0,42,0,1.72,BR,1627087440
98,Villa Constitución,-33.2278,-60.3297,18.82,63,95,0.72,AR,1627087440
99,Jennings,38.7192,-90.2604,31.01,67,40,0.45,US,1627087440
100,Bern,46.9481,7.4474,17.32,75,35,1.25,CH,1627087094
101,Larkana,27.5551,68.2141,31.04,49,100,3.82,PK,1627087441
102,Sagara,34.6833,138.2,31.66,65,40,2.06,JP,1627087441
103,Reitz,-27.8014,28.4273,-2.14,52,0,3.68,ZA,1627087441
104,Bāneh,35.9975,45.8853,20.85,41,0,0.95,IR,1627087442
105,Chikitigarh,19.2,84.6167,27.4,80,100,1.94,IN,1627087442
106,Gaur,26.7667,85.2667,28.16,80,17,7.28,NP,1627087442
107,Kalugmanan,8.2778,124.8597,27.03,46,20,1.9,PH,1627087442
108,Livezile,47.1833,24.5667,14.91,82,100,1.59,RO,1627087443
109,Kamyzyak,46.11,48.0736,21.99,88,75,2.0,RU,1627087390
110,Cárdenas,23.0375,-81.2047,28.42,82,39,3.46,CU,1627087231
111,Kāmthi,21.2333,79.2,24.19,92,100,3.97,IN,1627087156
112,Sosnovka,56.255,51.2842,14.01,71,96,1.97,RU,1627087443
113,Sorokino,53.75,84.9167,18.93,91,100,1.92,RU,1627087443
114,Pirpirituba,-6.78,-35.4986,22.58,90,0,4.93,BR,1627087444
115,Santo Augusto,-27.8508,-53.7772,17.7,52,0,3.6,BR,1627087444
116,Rushden,52.2914,-0.5992,15.69,87,100,5.95,GB,1627087444
117,Yavatmal,20.4,78.1333,22.8,88,100,3.87,IN,1627087445
118,Zaymishche,52.7264,32.2334,16.28,78,91,2.74,RU,1627087445
119,Mürzzuschlag,47.6,15.6833,14.88,84,0,1.35,AT,1627087445
120,Covington,39.0837,-84.5086,27.43,71,1,1.54,US,1627087412
121,Majalengka,-6.8361,108.2278,24.34,76,28,1.9,ID,1627087446
122,Vieira de Leiria,39.8695,-8.9324,16.9,94,20,1.03,PT,1627087446
123,Rifu,38.3236,140.9744,27.95,74,71,2.81,JP,1627087446
124,Plaridel,14.8872,120.8572,26.62,85,100,7.07,PH,1627087446
125,Cabay,13.8783,121.3772,28.64,80,100,4.18,PH,1627087447
126,Portsoy,57.6814,-2.6896,14.27,91,98,0.45,GB,1627087447
127,Monrovia,6.3005,-10.7969,24.56,84,100,5.34,LR,1627087342
128,Hāflong,25.1833,93.0333,25.9,81,30,0.86,IN,1627087447
129,Calantac,17.9065,121.7263,27.61,78,100,5.01,PH,1627087448
130,Ahrensburg,53.6833,10.25,14.98,93,0,0.0,DE,1627087448
131,Memphis,35.1495,-90.049,29.28,92,75,0.0,US,1627087399
132,Paray-le-Monial,46.4546,4.1158,21.49,99,100,0.45,FR,1627087448
133,Obrnice,50.505,13.6954,19.72,87,11,1.37,CZ,1627087449
134,Torrance,33.8359,-118.3406,35.33,75,40,6.26,US,1627087393
135,Jagtiāl,18.8,78.9333,23.29,90,100,4.47,IN,1627087449
136,Russko-Vysotskoye,59.6996,29.944,14.41,76,91,1.93,RU,1627087449
137,Winterswijk,51.9725,6.7194,17.56,82,100,4.06,NL,1627087378
138,Novozavedennoye,44.2628,43.6381,19.61,91,34,3.1,RU,1627087450
139,Tonshayevo,57.736,47.0127,9.74,99,58,3.06,RU,1627087450
140,Acopiara,-6.0953,-39.4525,24.15,54,39,4.45,BR,1627087451
141,Bridgewater,44.3835,-64.5155,17.82,100,57,2.06,CA,1627087451
142,Hvizd,48.6852,24.5506,16.09,84,100,0.89,UA,1627087451
143,Yotoco,3.8605,-76.3836,25.08,90,100,0.69,CO,1627087451
144,Prozor,43.8222,17.6092,16.61,71,65,1.13,BA,1627087452
145,Piacenza,45.0468,9.6994,26.53,70,100,1.34,IT,1627087452
146,Argalastí,39.2333,23.2167,21.9,60,27,4.22,GR,1627087452
147,Mānikpur,25.0667,81.1167,28.56,79,22,4.69,IN,1627087453
148,Rensvik,63.1,7.8167,13.81,88,100,1.98,NO,1627087453
149,Jobner,26.9667,75.3833,27.68,85,7,3.08,IN,1627087453
150,Sertãozinho,-21.1378,-47.9903,21.06,44,0,2.35,BR,1627087453
151,Ivybridge,50.3904,-3.9191,18.38,87,100,9.04,GB,1627087454
152,Tarsus,36.9188,34.8784,26.93,84,18,1.91,TR,1627087454
153,Malatya Province,38.5,38.0,19.03,43,0,2.06,TR,1627087454
154,Lebanon,36.2081,-86.2911,31.03,65,1,3.09,US,1627087214
155,Surani,45.2,26.1667,17.86,85,5,2.33,RO,1627087454
156,Urk,52.6625,5.6014,17.21,83,51,4.65,NL,1627087340
157,Castle Douglas,54.9409,-3.9278,15.74,91,96,2.82,GB,1627087455
158,Teno,-34.8667,-71.1833,7.88,100,100,1.54,CL,1627087455
159,Septèmes-les-Vallons,43.4,5.3667,25.84,43,0,6.17,FR,1627087455
160,Sály,47.95,20.6667,17.45,62,24,0.48,HU,1627087456
161,Dabeiba,7.0017,-76.2672,23.48,99,100,0.54,CO,1627087456
162,Perai,5.3833,100.3833,28.86,91,20,0.51,MY,1627087456
163,Svojat,44.3947,18.7392,14.53,100,0,0.51,BA,1627087456
164,Maniakoi,40.5,21.25,18.44,58,1,1.43,GR,1627087457
165,Arys,42.4252,68.795,23.12,20,0,1.87,KZ,1627087457
166,Lubin,51.4009,16.2015,16.46,66,23,2.04,PL,1627087264
167,Kasamwa,-2.85,32.4333,20.94,45,76,4.84,TZ,1627087458
168,Le Grand-Quevilly,49.4008,1.0458,21.58,72,0,2.06,FR,1627087459
169,Frankenburg,48.0684,13.4907,17.58,79,5,0.89,AT,1627087459
170,Buliwao,16.4833,121.2333,23.97,97,100,1.36,PH,1627087459
171,Bālāghāt,21.8,80.1833,24.49,97,100,2.02,IN,1627087460
172,Forte dei Marmi,43.9648,10.1724,23.32,97,88,1.24,IT,1627087460
173,Susteren,51.0655,5.8519,18.23,84,69,2.06,NL,1627087460
174,San Policarpo,12.1791,125.5072,29.3,67,98,5.88,PH,1627087461
175,Lennik,50.8089,4.1631,18.62,81,99,1.34,BE,1627087461
176,Mortka,59.3322,66.0214,14.44,78,100,1.08,RU,1627087461
177,Gembloux,50.561,4.697,17.87,88,90,3.58,BE,1627087461
178,Maidstone,51.2667,0.5167,18.03,88,100,2.68,GB,1627087316
179,Pālamedu,10.1167,78.1167,27.36,70,100,1.86,IN,1627087462
180,Santa Elena,-2.2333,-80.85,20.91,83,99,5.7,EC,1627087462
181,Tugbong,11.0167,124.6,30.17,65,95,5.71,PH,1627087462
182,Soyaló,16.9,-92.9167,23.5,87,9,2.06,MX,1627087463
183,Kota Bharu,6.1333,102.2386,26.61,83,20,1.54,MY,1627087463
184,Şuţeşti,45.2167,27.4333,17.02,68,10,3.2,RO,1627087463
185,Gornet-Cricov,45.0833,26.2667,19.07,71,5,2.22,RO,1627087463
186,Osinovo,55.8809,48.881,16.25,90,16,3.03,RU,1627087464
187,Santa Marinella,42.0345,11.8536,24.75,73,0,1.97,IT,1627087464
188,Bagontapay,6.8589,124.9089,28.42,77,74,0.91,PH,1627087464
189,Joplin,37.0842,-94.5133,30.92,66,20,4.63,US,1627087464
190,Pacho,5.1328,-74.1598,19.76,90,90,2.31,CO,1627087465
191,Concepción,-36.827,-73.0498,8.89,100,74,1.54,CL,1627087465
192,Pathalgaon,22.5667,83.4667,23.31,98,100,3.51,IN,1627087465
193,Ponferrada,42.5466,-6.5962,14.9,78,1,1.34,ES,1627087465
194,Kodungallūr,10.2167,76.2167,24.0,91,100,2.42,IN,1627087466
195,Indio,33.7206,-116.2156,42.85,25,1,0.89,US,1627087466
196,Kolga,59.4867,25.6192,15.93,75,8,1.88,EE,1627087466
197,Pravdinsk,54.4429,21.0179,17.91,96,7,2.04,RU,1627087467
198,Temse,51.1345,4.2085,18.39,83,0,0.89,BE,1627087467
199,Rabat,33.9911,-6.8401,21.75,92,40,0.0,MA,1627087424
200,Miramar,25.9873,-80.2323,29.0,82,40,2.57,US,1627087467
201,Yantzaza,-3.8278,-78.7594,17.4,94,4,0.89,EC,1627087467
202,El Guantillo,14.6,-87.3,27.49,78,95,2.54,HN,1627087468
203,Mogapi,-22.323,27.8349,8.14,53,0,6.67,BW,1627087468
204,Chapaevsk,52.9813,49.7112,12.56,69,0,2.13,RU,1627087468
205,Segovia,41.1667,-4.0,18.71,55,11,1.95,ES,1627087468
206,Golborne,53.4769,-2.5965,17.3,76,100,1.79,GB,1627087469
207,Sayreville,40.4593,-74.361,25.42,63,10,0.45,US,1627087338
208,Stalida,35.2926,25.4329,25.51,77,0,6.88,GR,1627087469
209,Magnaga,7.1694,125.8931,29.99,64,22,1.99,PH,1627087469
210,Ambajogai,18.7333,76.3833,22.24,90,100,7.04,IN,1627087470
211,Doembang Nangbuat,14.8333,100.1,26.77,84,100,2.97,TH,1627087470
212,Vemalwāda,18.4667,78.8833,23.37,88,100,5.0,IN,1627087471
213,Mango,27.9797,-82.3065,31.59,83,75,0.0,US,1627087471
214,Port-au-Prince,18.5392,-72.335,29.79,70,40,3.09,HT,1627087191
215,Itaunja,27.0833,80.9167,28.99,76,70,4.66,IN,1627087472
216,Thornton,39.868,-104.9719,28.09,47,40,2.24,US,1627087269
217,Martino,38.5667,23.2167,23.03,47,0,1.11,GR,1627087472
218,Kingskettle,56.2622,-3.1169,14.84,93,75,0.89,GB,1627087472
219,Găiceana,46.3333,27.2167,15.26,77,0,3.01,RO,1627087473
220,Ixhuatlancillo,18.9,-97.15,17.23,86,0,2.26,MX,1627087473
221,Gros Islet,14.0667,-60.95,27.9,83,32,5.91,LC,1627087473
222,Krasnyy Yar,46.5331,48.3456,21.96,82,97,3.28,RU,1627087473
223,Amapala,13.2922,-87.6539,34.22,56,93,2.54,HN,1627087324
224,São Gonçalo do Sapucaí,-21.8922,-45.5953,14.85,58,0,2.13,BR,1627087474
225,Świdwin,53.7746,15.7767,17.2,88,0,2.55,PL,1627087474
226,Volkhov,59.9258,32.3382,11.55,83,55,2.05,RU,1627087474
227,Honghu,29.8206,113.4621,28.37,78,95,3.87,CN,1627087475
228,Yulin,22.6333,110.15,29.31,78,0,0.92,CN,1627087274
229,Voss,60.623,6.4229,16.97,83,24,0.33,NO,1627087475
230,Famões,38.788,-9.2103,18.55,81,0,4.12,PT,1627087475
231,Shubarshi,48.5872,57.1869,22.57,67,99,3.74,KZ,1627087278
232,Araguaçu,-12.9306,-49.8264,24.19,42,11,2.13,BR,1627087476
233,Kuytun,54.3419,101.5036,18.62,67,0,2.79,RU,1627087476
234,Tālīkota,16.4833,76.3167,22.56,88,100,8.31,IN,1627087476
235,Reisterstown,39.4696,-76.8294,24.71,68,0,1.52,US,1627087449
236,Diósjenő,47.9397,19.0432,17.38,65,25,1.2,HU,1627087476
237,Porto San Giorgio,43.1827,13.7934,24.51,69,51,1.67,IT,1627087477
238,La Unión,-5.4,-80.75,19.66,72,0,7.55,PE,1627087477
239,Thio,-21.6167,166.2167,26.98,69,42,2.16,NC,1627087477
240,Kraluv Dvur,49.9498,14.0345,19.31,76,44,1.11,CZ,1627087478
241,Darbhanga,26.1667,85.9,27.86,82,74,8.15,IN,1627087478
242,Stafford,52.8052,-2.1164,16.95,60,100,4.65,GB,1627087277
243,Lumil,14.1817,121.0136,24.29,86,100,7.89,PH,1627087478
244,Bahir Dar,11.5936,37.3908,15.53,94,100,1.33,ET,1627087478
245,Šoštanj,46.38,15.0486,17.12,95,4,0.92,SI,1627087479
246,Totana,37.7688,-1.5023,25.79,40,8,2.17,ES,1627087479
247,Cavarzere,45.1356,12.0817,24.9,69,93,2.39,IT,1627087479
248,Villa Guerrero,18.8667,-99.65,22.21,77,35,1.49,MX,1627087480
249,Dulce Nombre de Culmí,15.1,-85.5333,32.13,84,97,1.53,HN,1627087480
250,Nizhniy Chir,48.3597,43.0865,21.22,49,83,3.63,RU,1627087480
251,Lillesand,58.2488,8.3778,13.83,100,0,1.54,NO,1627087480
252,Mambog,15.3137,120.0304,26.0,88,100,5.99,PH,1627087481
253,Paisley,55.8317,-4.4325,15.66,87,34,0.45,GB,1627087481
254,New Milford,40.9327,-74.0179,25.46,63,1,0.45,US,1627087481
255,Sibi,29.5448,67.8764,35.71,32,100,1.03,PK,1627087452
256,Marília,-22.2139,-49.9458,15.37,35,0,2.05,BR,1627087482
257,Yeruham,30.9872,34.9314,23.07,75,28,4.98,IL,1627087482
258,Santău,47.5167,22.5167,18.88,75,0,1.24,RO,1627087482
259,Fernandina Beach,30.6697,-81.4626,28.05,88,1,0.89,US,1627087347
260,Baleno,12.4739,123.4982,29.78,70,100,7.84,PH,1627087482
261,Argos,37.6333,22.7333,23.18,47,0,1.86,GR,1627087483
262,Tuttlingen,47.9833,8.8167,17.89,74,100,1.13,DE,1627087483
263,Balabac,7.9868,117.0645,29.72,75,69,7.09,PH,1627087483
264,Arukutti,9.8667,76.35,23.99,90,100,3.32,IN,1627087484
265,Kalyān,19.25,73.15,27.97,89,68,0.7,IN,1627087484
266,Villefranche-sur-Saône,45.9833,4.7167,27.01,73,100,2.79,FR,1627087216
267,Ikovka,55.6089,64.9375,17.27,95,100,0.22,RU,1627087484
268,Cacahoatán,14.9833,-92.1667,28.62,89,100,1.2,MX,1627087484
269,Lackawanna,42.8256,-78.8234,23.33,69,0,0.92,US,1627087485
270,Vyksa,55.3175,42.1744,11.6,91,83,2.03,RU,1627087485
271,Nangan,6.4726,126.1244,29.19,70,13,2.84,PH,1627087485
272,Alvdal,62.1077,10.6307,4.91,85,100,1.3,NO,1627087486
273,Pufeşti,46.0,27.2,15.6,71,17,3.2,RO,1627087486
274,Mendota Heights,44.8836,-93.1383,32.27,66,40,1.34,US,1627087486
275,Petrila,45.45,23.4167,13.48,75,75,1.46,RO,1627087486
276,Qarqīn,37.4185,66.0436,29.71,13,0,2.86,AF,1627087261
277,Cincinnati,39.162,-84.4569,27.17,74,1,1.54,US,1627087397
278,Vinh,18.6667,105.6667,25.41,93,100,2.65,VN,1627087487
279,Bilimora,20.7672,72.9693,27.95,89,95,3.71,IN,1627087487
280,Palafrugell,41.9174,3.1631,25.23,22,2,0.57,ES,1627087488
281,Afrikanda,67.4429,32.7828,7.74,100,100,7.88,RU,1627087488
282,Alcanena,39.459,-8.6689,17.73,96,88,2.61,PT,1627087488
283,Kūhdasht,33.535,47.6061,25.52,33,0,2.35,IR,1627087488
284,Lichuan,30.3,108.85,20.89,84,100,1.2,CN,1627087489
285,Abucayan,9.929,123.9146,31.01,71,98,7.12,PH,1627087489
286,Kraainem,50.8615,4.4695,18.41,85,0,1.03,BE,1627087489
287,Caetité,-14.0694,-42.475,16.84,60,100,5.3,BR,1627087489
288,Novikovo,51.1537,37.8879,18.22,66,100,2.42,RU,1627087490
289,Tabursuq,36.4569,9.2475,29.61,36,0,1.41,TN,1627087490
290,Digal,6.7531,124.7964,28.43,76,76,0.16,PH,1627087490
291,Soskovo,52.7475,35.3828,14.29,88,71,2.85,RU,1627087491
292,Tulu Bolo,8.6667,38.2167,13.92,91,100,2.98,ET,1627087491
293,Valea Călugărească,44.9667,26.15,20.97,67,12,2.32,RO,1627087491
294,Sandusky,41.3501,-83.1332,24.89,78,95,3.06,US,1627087491
295,Warabi,35.8264,139.7044,31.65,68,37,2.35,JP,1627087492
296,Badhni Kalān,30.6833,75.2833,28.92,77,15,1.6,IN,1627087492
297,Băbiciu,44.0333,24.5667,21.28,50,100,2.07,RO,1627087492
298,Nayāgarh,20.1333,85.1,25.77,85,100,1.57,IN,1627087492
299,Gighera,43.85,23.8,21.42,48,94,1.7,RO,1627087493
300,Oktyabr'skiy,54.4815,53.471,16.86,57,95,0.78,RU,1627087493
301,Rădeşti,46.2667,23.7167,16.6,60,100,0.68,RO,1627087493
302,Dăneţi,43.9833,24.05,20.96,49,91,1.02,RO,1627087494
303,Lysá nad Labem,50.2014,14.8328,19.76,65,88,2.71,CZ,1627087494
304,Neumünster,54.0667,9.9833,15.15,90,0,2.33,DE,1627087494
305,Tarandacuao,20.0,-100.5333,15.44,83,77,1.51,MX,1627087494
306,Handa,34.8833,136.9333,32.33,74,20,3.09,JP,1627087495
307,Borşa,47.6553,24.6633,13.29,89,88,1.22,RO,1627087495
308,San Marcos,33.1434,-117.1661,32.46,69,75,1.79,US,1627087495
309,Renens,46.5399,6.5881,22.52,71,86,0.75,CH,1627087496
310,Mokhós,35.2634,25.4231,23.0,78,0,6.5,GR,1627087496
311,Venta,56.2,22.7,12.38,93,15,2.26,LT,1627087496
312,Băcani,46.3333,27.6667,15.16,73,0,2.72,RO,1627087496
313,Svobodnyy,51.4,128.1333,26.8,66,10,6.93,RU,1627087497
314,Neckarsulm,49.1928,9.2261,20.37,84,75,2.52,DE,1627087497
315,Maragondon,14.2333,120.7167,25.75,91,100,8.41,PH,1627087497
316,Jílové u Prahy,49.8955,14.4933,18.41,74,36,1.96,CZ,1627087497
317,Capul,12.4237,124.1811,28.61,81,100,11.19,PH,1627087498
318,Città di Castello,43.4691,12.2305,22.99,81,99,0.43,IT,1627087498
319,Ixtapa,20.7,-105.2,28.1,87,97,1.01,MX,1627087498
320,Zakan-Yurt,43.2597,45.4206,20.84,94,100,2.24,RU,1627087499
321,Digapahandi,19.3667,84.5833,27.1,81,100,1.67,IN,1627087499
322,Ashford,51.1459,0.8728,17.83,91,100,4.47,GB,1627087499
323,Leleasca,44.7833,24.4333,17.99,75,75,1.83,RO,1627087499
324,Mardin,37.3131,40.7436,24.15,32,0,3.61,TR,1627087500
325,Ejura,7.3856,-1.3562,22.27,86,42,3.34,GH,1627087500
326,Muskegon Heights,43.2011,-86.239,27.1,77,75,3.6,US,1627087500
327,Acacoyagua,15.35,-92.65,25.1,81,100,0.93,MX,1627087500
328,Altona,53.55,9.9333,15.08,93,0,3.09,DE,1627087501
329,Radaur,30.0333,77.15,27.92,69,12,1.02,IN,1627087501
330,Barič,44.6522,20.2594,21.11,73,0,2.06,RS,1627087501
331,Sunnyvale,37.3688,-122.0363,35.64,46,1,2.24,US,1627087338
332,Remagen,50.5788,7.227,20.44,74,94,0.74,DE,1627087502
333,Proástio,39.4886,21.9025,23.45,57,0,0.67,GR,1627087502
334,San Diego,32.7153,-117.1573,32.94,74,40,3.09,US,1627087143
335,Khislavichi,54.1871,32.1582,12.39,91,9,1.0,RU,1627087503
336,Murwillumbah,-28.3167,153.4,21.18,52,0,5.14,AU,1627087503
337,Chanderi,24.7167,78.1333,26.2,84,100,3.17,IN,1627087504
338,Panipat,29.3889,76.9681,27.76,75,41,1.7,IN,1627087504
339,Khvalynsk,52.4906,48.1058,16.16,66,2,2.5,RU,1627087505
340,Handlová,48.7276,18.7601,14.2,79,7,1.37,SK,1627087505
341,Magallanes,9.02,125.5172,29.74,61,17,2.84,PH,1627087505
342,Ābu Road,24.4833,72.7833,26.22,77,14,1.57,IN,1627087505
343,Hermanus,-34.4187,19.2345,9.94,66,0,4.39,ZA,1627087506
344,Beclean,47.1833,24.1833,14.34,83,26,1.34,RO,1627087506
345,Rezzato,45.5142,10.3167,24.62,77,0,3.6,IT,1627087506
346,Ubaque,4.4867,-73.9375,19.45,99,89,0.53,CO,1627087506
347,Delta,5.5,6.0,22.71,87,73,2.04,NG,1627087507
348,Canubing,13.3572,121.1424,27.8,83,100,1.85,PH,1627087507
349,Bay Shore,40.7251,-73.2454,25.12,64,20,0.45,US,1627087445
350,Micăsasa,46.0833,24.1167,16.36,66,66,0.89,RO,1627087507
351,Heihe,50.2441,127.4902,26.32,62,89,5.64,CN,1627087508
352,Miandrivazo,-19.5167,45.4667,18.03,82,0,1.39,MG,1627087508
353,Aldana,0.8828,-77.701,6.99,92,100,2.02,CO,1627087508
354,Skokie,42.0334,-87.7334,31.01,73,40,3.09,US,1627087509
355,Floriana,35.8958,14.5083,26.01,64,0,2.57,MT,1627087509
356,Bangad,15.5036,121.0275,26.53,90,100,4.43,PH,1627087509
357,Bahía Honda,22.9036,-83.1592,26.87,81,56,2.83,CU,1627087509
358,Liliani,32.2065,72.9537,32.67,52,80,1.74,PK,1627087510
359,Borger,52.9233,6.7931,14.42,92,2,3.07,NL,1627087510
360,Balīlā,32.3881,35.9351,21.64,91,30,3.08,JO,1627087510
361,Rio Piracicaba,-19.9292,-43.1742,12.39,76,0,0.48,BR,1627087511
362,Rezina,47.7492,28.9622,15.74,74,0,1.8,MD,1627087511
363,Espérance Trébuchet,-20.0697,57.6419,19.88,79,32,1.34,MU,1627087511
364,Tapilula,17.2333,-93.0333,17.82,96,6,1.21,MX,1627087511
365,Huixtepec,16.6536,-98.305,24.45,86,100,1.56,MX,1627087512
366,Portici,40.8156,14.3372,24.4,80,0,0.0,IT,1627087512
367,Sire,12.9299,5.2043,24.37,85,100,4.91,NG,1627087512
368,Atalaia,-9.5019,-36.0228,21.28,94,52,0.92,BR,1627087259
369,Cabimas,10.3883,-71.4399,28.05,77,100,7.1,VE,1627087370
370,Hīrākud,21.5167,83.8667,25.21,92,100,5.0,IN,1627087513
371,Pueblo Nuevo,23.3833,-105.3833,14.4,96,100,0.19,MX,1627087513
372,Fohnsdorf,47.2183,14.6819,14.2,95,3,1.22,AT,1627087514
373,Crawfordsville,40.0411,-86.8745,29.05,78,40,0.0,US,1627087514
374,Xishan,27.6667,113.5,27.94,64,15,2.15,CN,1627087514
375,Akrata,38.15,22.3167,24.34,60,0,0.53,GR,1627087515
376,Calnali,20.9167,-98.5833,17.54,91,47,1.4,MX,1627087515
377,Villars-sur-Glâne,46.7905,7.1172,21.38,82,20,0.89,CH,1627087515
378,Tølløse,55.6125,11.7703,17.49,89,0,0.89,DK,1627087515
379,Djambala,-2.5447,14.7533,19.25,72,98,1.88,CG,1627087516
380,Ushuaia,-54.8,-68.3,2.81,75,75,4.63,AR,1627087247
381,Cave Spring,37.2276,-80.0128,27.14,69,72,1.34,US,1627087330
382,Lhokseumawe,5.1801,97.1507,25.99,79,96,1.86,ID,1627087516
383,Pyinmana,19.7333,96.2167,25.37,93,100,2.72,MM,1627087383
384,Infanta,14.7425,121.6494,26.65,82,100,7.5,PH,1627087516
385,Billerbeck,51.9667,7.3,16.98,81,92,3.63,DE,1627087517
386,Rolla,37.9514,-91.7713,31.19,58,1,1.54,US,1627087517
387,Štěpánov,49.684,17.2204,17.05,91,0,1.12,CZ,1627087517
388,Okány,46.9,21.35,19.12,59,37,1.44,HU,1627087517
389,Fukuroi,34.75,137.9167,31.66,69,48,0.89,JP,1627087518
390,Ulloa,4.7044,-75.7403,20.69,88,40,3.6,CO,1627087518
391,Tagasilay,7.3025,122.2586,29.16,75,36,2.95,PH,1627087518
392,Yazd,31.8972,54.3675,32.06,15,40,3.09,IR,1627087519
393,Gama,42.748,-4.2068,12.66,95,0,1.61,ES,1627087519
394,Cochabamba,-17.3895,-66.1568,17.86,34,20,2.06,BO,1627087334
395,Chornyanka,46.6522,33.359,19.1,61,0,3.4,UA,1627087519
396,Longonjo,-12.9067,15.2533,11.4,27,13,2.04,AO,1627087519
397,Sovetskaya,44.7769,41.1722,16.34,88,0,0.85,RU,1627087520
398,Kholm,59.2667,32.85,10.94,73,94,2.2,RU,1627087520
399,Berkeley,37.8716,-122.2728,35.87,70,20,1.34,US,1627087512
400,Baddomalhi,31.9928,74.6683,30.03,66,10,1.77,PK,1627087520
401,Nogales,31.3086,-110.9422,25.49,60,90,1.54,MX,1627087489
402,General Escobedo,25.8167,-100.3333,33.4,49,37,6.88,MX,1627087521
403,Chimala,-8.85,34.0167,14.06,66,0,1.88,TZ,1627087521
404,North Mankato,44.1733,-94.0339,31.33,77,1,4.12,US,1627087521
405,Dullewala,31.8359,71.4362,34.51,43,100,2.34,PK,1627087522
406,Halle,51.5,12.0,17.74,79,0,3.6,DE,1627087522
407,Clydebank,55.9014,-4.4057,15.86,87,38,4.63,GB,1627087522
408,Cubulco,15.1333,-90.5833,23.58,93,99,2.12,GT,1627087522
409,Berwick,41.0545,-76.2333,23.92,77,0,0.31,US,1627087523
410,Zetel,53.4022,7.9645,15.98,90,0,2.51,DE,1627087523
411,Rizal,15.7118,121.1061,25.21,96,100,1.94,PH,1627087419
412,Rayevskaya,44.8319,37.5556,15.51,66,16,3.03,RU,1627087523
413,Åmot,59.5714,7.9877,15.29,85,7,0.09,NO,1627087524
414,Khabarovsk,48.4808,135.0928,31.89,51,0,4.0,RU,1627087524
415,Cologne,50.9333,6.95,19.36,76,0,2.57,DE,1627087260
416,Thousand Oaks,34.1706,-118.8376,36.36,56,6,1.79,US,1627087374
417,Digos,6.7497,125.3572,29.99,68,65,2.94,PH,1627087524
418,Măstăcani,45.7833,28.0333,17.4,67,1,3.08,RO,1627087525
419,Monte Patria,-30.6919,-70.9467,14.75,62,0,0.97,CL,1627087525
420,Parian,15.0659,120.7181,26.05,84,100,6.24,PH,1627087525
421,Mória,39.1333,26.5167,22.88,70,0,7.47,GR,1627087525
422,Fensmark,55.2792,11.8038,17.37,90,0,2.29,DK,1627087526
423,Brugherio,45.5573,9.2941,25.94,71,20,1.34,IT,1627087526
424,Cuyo,10.8525,121.0086,28.97,81,100,10.59,PH,1627087526
425,Novate Milanese,45.531,9.1347,25.95,71,20,0.89,IT,1627087527
426,Campo Formoso,-10.5075,-40.3214,17.33,94,100,4.94,BR,1627087527
427,Ottobrunn,48.0624,11.6686,17.3,88,26,1.8,DE,1627087527
428,Antas,41.7364,-8.3089,15.37,96,3,0.71,PT,1627087527
429,Maydolong,11.4992,125.5011,31.24,58,98,4.97,PH,1627087528
430,Shāhpur,16.7,76.8333,22.93,88,100,5.07,IN,1627087528
431,Inhambupe,-11.7844,-38.3531,19.61,96,99,3.45,BR,1627087528
432,Nein,32.6306,35.3489,25.67,82,0,1.17,IL,1627087528
433,Ambunti,-4.2365,142.8448,25.6,91,100,0.8,PG,1627087529
434,Novopokrovka,49.8425,36.5477,15.21,68,3,2.21,UA,1627087529
435,Jos,9.9167,8.9,17.8,97,100,2.4,NG,1627087529
436,Baraki Barak,33.9675,68.9486,22.57,36,7,0.4,AF,1627087530
437,Delmenhorst,53.05,8.6167,14.01,99,0,2.06,DE,1627087321
438,Vernier,46.217,6.085,23.56,88,85,1.54,CH,1627087530
439,Illintsi,49.1048,29.2177,14.37,80,0,2.15,UA,1627087530
440,Klin,56.3333,36.7333,13.17,74,100,1.99,RU,1627087530
441,Nishihara,26.1842,127.7558,26.81,97,90,13.89,JP,1627087531
442,Castlebar,53.85,-9.3,16.99,92,57,0.95,IE,1627087531
443,La Providencia,28.7167,-111.5833,37.03,57,100,3.13,MX,1627087531
444,Sasaima,4.9661,-74.4351,23.7,82,90,2.37,CO,1627087532
445,Popondetta,-8.7537,148.2534,30.38,57,100,2.02,PG,1627087532
446,Shelton,41.3165,-73.0932,24.1,68,20,0.45,US,1627087351
447,Qalyub,30.1792,31.2056,26.92,49,0,3.59,EG,1627087532
448,Aplahoué,6.9333,1.6833,21.76,89,11,2.3,BJ,1627087533
449,Cohoes,42.7742,-73.7001,21.6,82,40,1.54,US,1627087533
450,Nesconset,40.852,-73.154,24.9,69,20,0.45,US,1627087533
451,Kozlovka,55.8428,48.2492,16.49,95,6,2.78,RU,1627087533
452,Jackson,42.4165,-122.8345,36.35,19,1,1.54,US,1627087534
453,Bay-Khaak,51.1667,94.5,23.89,47,100,0.58,RU,1627087534
454,Concepción de la Vega,19.2221,-70.5296,27.64,89,14,2.47,DO,1627087534
455,Hala,25.8131,68.4227,28.99,70,100,7.67,PK,1627087535
456,Bălteni,46.6667,27.6167,15.41,78,0,2.48,RO,1627087535
457,El Banco,9.0011,-73.9758,25.77,91,100,3.08,CO,1627087535
458,San Antonio Ilotenango,15.0547,-91.2297,20.06,95,71,1.61,GT,1627087535
459,Tlayacapan,18.9333,-98.9833,27.49,65,37,0.7,MX,1627087536
460,Vultureni,46.3667,27.2833,15.57,77,0,3.08,RO,1627087536
461,Joiţa,44.4942,25.8539,21.54,64,0,1.03,RO,1627087536
462,Bāgnān,22.9242,88.14,26.94,88,100,3.66,IN,1627087536
463,Kontich,51.132,4.4488,17.97,83,0,2.06,BE,1627087537
464,Ljig,44.2301,20.2382,20.85,77,5,1.65,RS,1627087537
465,Vodnyy,63.5046,53.4095,8.99,98,100,2.77,RU,1627087537
466,San Fernando,15.0286,120.6898,26.65,85,100,6.4,PH,1627087538
467,Imperial,33.0334,-115.4175,42.82,23,14,2.91,US,1627087538
468,Brazzaville,-4.2658,15.2832,20.2,88,69,1.54,CG,1627087538
469,Dăeni,44.8333,28.1167,15.5,67,0,1.69,RO,1627087538
470,Butag,12.6292,123.9335,29.11,74,100,7.3,PH,1627087539
471,Širvintos,55.05,24.95,17.45,91,4,2.39,LT,1627087539
472,Ostrogozhsk,50.8664,39.0756,16.8,68,69,2.18,RU,1627087539
473,Vidra,44.2606,26.1697,21.87,63,2,2.2,RO,1627087539
474,Borjomi,41.8527,43.4128,16.76,94,99,0.67,GE,1627087540
475,Le Portel,50.7056,1.5757,19.27,78,27,7.66,FR,1627087540
476,Šardice,48.964,17.0281,18.18,80,0,1.6,CZ,1627087540
477,Prainha,-1.8,-53.48,26.01,63,98,1.65,BR,1627087541
478,Poros,37.4994,23.4536,25.91,55,0,4.13,GR,1627087541
